<?xml version="1.0" encoding="UTF-8"?>
<configuration>

    <!-- 콘솔 출력 설정 -->
    <appender name="STDOUT" class="ch.qos.logback.core.ConsoleAppender">
        <encoder>
            <pattern>%d{HH:mm:ss.SSS} [%thread] %-5level %logger{36} - %msg%n</pattern>
        </encoder>
    </appender>

    <!-- 파일 로그 (하루 단위 분리) 설정 -->
    <appender name="FILE" class="ch.qos.logback.core.rolling.RollingFileAppender">
        <file>logs/app.log</file>

        <rollingPolicy class="ch.qos.logback.core.rolling.TimeBasedRollingPolicy">
            <!-- 날짜별 로그 파일 이름 지정 -->
            <fileNamePattern>logs/app.%d{yyyy-MM-dd}.log</fileNamePattern>
            <!-- 보존할 최대 일 수 -->
            <maxHistory>30</maxHistory>
        </rollingPolicy>

        <encoder>
            <pattern>%d{yyyy-MM-dd HH:mm:ss.SSS} [%thread] %-5level %logger{36} - %msg%n</pattern>
        </encoder>
    </appender>

    <!-- 루트 로거: 콘솔 + 파일 -->
    <root level="INFO">
        <appender-ref ref="STDOUT" />
        <appender-ref ref="FILE" />
    </root>

</configuration>
